"Study Name","dbGaP Study Accession","Study Population Focus","Estimated Cohort Size","Study Domain","Study Design","Data Collection Method","NIH Institute / Center","RADx Data Program","Has Data Files"
"2183 SARS-CoV-2 Rapid Antigen Test","phs002682","N/A","488","Point-of-Care (POC) Testing; Rapid Diagnostic Test (RDT); Medical Device/Tool Development","Device Validation Study","Survey; Antigen Testing Device","NIBIB","RADx Tech","Yes"
"A Community Health Worker Intervention to Identify and Decrease Barriers to Pre-Procedural COVID-19 Testing Among Los Angeles County Department of Health Safety-Net Patients","phs002920","Underserved/Vulnerable Population; Racial and Ethnic Minorities; Older Adults or Elderly; African American; Hispanic and Latino; Adults","128","Vaccination Rate/Uptake; Pandemic Perceptions and Decision-Making; Testing Rate/Uptake; Virological Testing","Longitudinal Cohort","Interview or Focus Group; Survey","NLM","RADx-UP","Yes"
"A Community-Led Approach to Enhance COVID-19 Testing Among Vulnerable Latinos","phs002660","Older Adults or Elderly; Adults; Hispanic and Latino","4312","Diagnostic Testing; Social Determinants of Health","Longitudinal Cohort","Survey; Interview or Focus Group","NIDA","RADx-UP","Yes"
"A Confectionary-Based Screening Tool for Assessing Chemosensory Loss in COVID-19 Patients","phs002642","Adults","2750","Rapid Diagnostic Test (RDT); Medical Device/Tool Development","Longitudinal Cohort","Chemosensory Testing Device","NIDCD","RADx-rad","Yes"
"A Data Science Approach to Identify and Manage Multisystem Inflammatory Syndrome in Children (MIS-C) Associated with SARS-CoV-2 Infection and Kawasaki Disease in Pediatric Patients","phs002945","Children","900","Artificial Intelligence and Machine Learning; Multisystem Inflammatory Syndrome (MIS); Multisystem Inflammatory Syndrome in Children (MIS-C)","Cross-Sectional","Disease Registry","NICHD","RADx-rad","Yes"
"A Dynamic COVID-19 Community-Engaged Testing Strategy in Alabama (COVID COMET AL)","phs002871","Incarcerated/Institutionalized (or Criminal Legal System Involvement); Adults; Rural Communities; Children; Underserved/Vulnerable Population; Older Adults or Elderly","35000","Social Determinants of Health","Cross-Sectional","Molecular (Nucleic Acid/PCR) Testing Device; Interview or Focus Group; Survey","NIAID","RADx-UP","Yes"
"A Handheld Microchip for GC Analysis of Breath to Screen for COVID-19","phs002563","N/A","200","Artificial Intelligence and Machine Learning; Virological Testing; Rapid Diagnostic Test (RDT); Medical Device/Tool Development; Novel Biosensing and VOC","Longitudinal Cohort","Breath Analysis Device / Airborne Detection Device","NCATS","RADx-rad","Yes"
"A Multimodal Platform for Oral Screening of COVID-19","phs002570","N/A","23","Novel Biosensing and VOC; Medical Device/Tool Development; Virological Testing; Multimodal Surveillance; Rapid Diagnostic Test (RDT)","Device Verification Study","Electrochemical Testing Device","NIDCR","RADx-rad","Yes"
"A Nurse-Community Health Worker-Family Partnership Model: Addressing Uptake of COVID-19 Testing and Control Measures","phs002906","African American; Older Adults or Elderly; Adults; Racial and Ethnic Minorities; Underserved/Vulnerable Population; Hispanic and Latino; Lower Socioeconomic Status (SES) Population","810","Testing Rate/Uptake; Diagnostic Testing; Community Outreach Programs; Social Determinants of Health","Case-Control","Survey","NIDA","RADx-UP","Yes"
"A Rapid Breathalyzer Diagnostics Platform for COVID-19","phs002583","Adults","500","Medical Device/Tool Development; Rapid Diagnostic Test (RDT); Virological Testing","Device Verification Study","Breath Analysis Device / Airborne Detection Device; Antigen Testing Device","NHLBI","RADx-rad","Yes"
"A Rapid Saliva Antigen Test for SARs-CoV-2 Detection","phs002689","N/A","60","Rapid Diagnostic Test (RDT); Medical Device/Tool Development","Longitudinal Cohort","Antigen Testing Device","NHLBI","RADx-rad","Yes"
"A Rapid, Sensitive, Point-of-Care, Antigen-Based Diagnostics for SARS-CoV-2","phs002561","N/A","200","Medical Device/Tool Development; Rapid Diagnostic Test (RDT)","Device Validation Study","Antigen Testing Device","NHLBI","RADx-rad","Yes"
"A SARS-CoV-2 Breathalyzer for Direct Virus Detection","phs002572","N/A","0","Virological Testing; Multimodal Surveillance; Medical Device/Tool Development","Device Validation Study","Unspecified COVID Testing Device","NIDCR","RADx-rad","No"
"A Scalable Aptamer-Based Electrochemical Biosensor for Rapid Detection of SARS-CoV-2 from Saliva","phs002702","N/A","0","Medical Device/Tool Development; Virological Testing","Device Verification Study","Unspecified COVID Testing Device","NIDCR","RADx-rad","No"
"AFS/SERS Saliva-Based SARS-CoV-2 Earliest Infection and Antibodies Detection","phs002544","N/A","90","Medical Device/Tool Development; Virological Testing","Device Validation Study","Molecular (Nucleic Acid/PCR) Testing Device","NCATS","RADx-rad","Yes"
"AICORE-kids: Artificial Intelligence COVID-19 Risk AssEssment for kids","phs002585","Children","7200","Social Determinants of Health; Artificial Intelligence and Machine Learning","Longitudinal Cohort","Real-World Data","NICHD","RADx-rad","Yes"
"Accurate, Sensitive and Affordable POC and At Home Testing Device","phs002737","Adults; Children; Older Adults or Elderly","285","Medical Device/Tool Development; Point-of-Care (POC) Testing","Device Validation Study","Smartphone; Survey; Molecular (Nucleic Acid/PCR) Testing Device","NHLBI","RADx Tech","Yes"
"Adapting Community-Based Task-Shifting for the COVID-19 Response Among Underserved Populations in Piedmont, North Carolina (ACT UP)","phs002581","Essential Workers; African American; Hispanic and Latino; Racial and Ethnic Minorities; Underserved/Vulnerable Population; Adults; Older Adults or Elderly; Immigrants; Rural Communities","1050","Community Outreach Programs; Vaccination Rate/Uptake; Virological Testing; Testing Rate/Uptake","Longitudinal Cohort","Survey; Interview or Focus Group","NIAID","RADx-UP","Yes"
"Addressing COVID-19 Testing Disparities in Vulnerable Populations Using a Community JITAI (Just in Time Adaptive Intervention) Approach-A UTHealth CTSA Program","phs002761","Racial and Ethnic Minorities; Older Adults or Elderly; Underserved/Vulnerable Population; Adults; Homeless/Unhoused; Hispanic and Latino; African American","980","Community Outreach Programs; Virological Testing; Testing Rate/Uptake; Comorbidities; COVID Hotspots; COVID Testing Deserts","Cross-Sectional","Survey","NCATS","RADx-UP","Yes"
"Addressing COVID-19 Testing Disparities in Vulnerable Populations Using a Community JITAI (Just in Time Adaptive Intervention) Approach: RADxUP Phase III","phs003687","Older Adults or Elderly; Hispanic and Latino; African American; Adults; Underserved/Vulnerable Population; Rural Communities","525","Disease Surveillance; Social Determinants of Health; Community Outreach Programs","Interventional/Clinical Trial","Survey","NCATS","RADx-UP","No"
"Addressing Low-Income Housing Resident Mistrust in COVID-19 Guidance","phs002743","Adults; Older Adults or Elderly; Lower Socioeconomic Status (SES) Population","200","Social Determinants of Health; Testing Rate/Uptake; Pandemic Perceptions and Decision-Making; Vaccination Rate/Uptake","Longitudinal Cohort","Survey; Interview or Focus Group","NCI","RADx-UP","No"
"Alive Church Network: Increasing COVID-19 Testing in Chicago's African American Testing Deserts","phs002645","Children; Underserved/Vulnerable Population; Adults; African American; Older Adults or Elderly","5000","Rapid Diagnostic Test (RDT); Testing Rate/Uptake; Community Outreach Programs","Time-Series","Survey; Molecular (Nucleic Acid/PCR) Testing Device","NINR","RADx-UP","Yes"
"Assessing Testing Strategies for Safe Return to K-12 Schools in an Underserved Population","phs002759","Underserved/Vulnerable Population; Adults; Older Adults or Elderly; Children; African American; Children; School Community Members","5000","Screening Testing; Pandemic Perceptions and Decision-Making; COVID in School Settings; Social Determinants of Health","Case-Control","Molecular (Nucleic Acid/PCR) Testing Device; Survey; Interview or Focus Group","NICHD","RADx-UP","Yes"
"Assessing Vaccine Hesitancy and a Pharmacist Led Intervention Model to Increase COVID-19 Vaccine Uptake Among African Americans","phs002875","Essential Workers; African American; Underserved/Vulnerable Population; Adults; Older Adults or Elderly","487","Pandemic Perceptions and Decision-Making; Vaccination Rate/Uptake; Health Behaviors","Longitudinal Cohort","Survey; Interview or Focus Group","NIMHD","RADx-UP","Yes"
"Back to ECE Safely with SAGE: Reducing COVID-19 Transmission in Hispanic and Low-Income Preschoolers","phs002661","Children; Hispanic and Latino; School Community Members","627","COVID in School Settings","Longitudinal Cohort","Survey","NICHD","RADx-UP","Yes"
"Bioinformatics Framework for Wastewater-based Surveillance of Infectious Diseases","phs002527","N/A","0","Wastewater Surveillance; Next Generation Sequencing (NGS); Screening Testing","Observational","Wastewater Sampling","NLM","RADx-rad","Yes"
"Bridging the Evidence-to-Practice Gap: Evaluating Practice Facilitation as a Strategy to Accelerate Translation of a Systems-Level Adherence Intervention into Safety Net Practices/Project Evidence","phs002616","Older Adults or Elderly; Lower Socioeconomic Status (SES) Population; Racial and Ethnic Minorities; African American; Hispanic and Latino; Adults","500","Vaccination Rate/Uptake; Social Determinants of Health; Pandemic Perceptions and Decision-Making; Health Behaviors; Testing Rate/Uptake","Cross-Sectional","Survey; Interview or Focus Group; Molecular (Nucleic Acid/PCR) Testing Device","NIMHD","RADx-UP","Yes"
"Broad-Spectrum Detection of VOC and Non-VOC Biomarkers from Patient Exhalant Using a Biomimetic Multiplexed eNose Biosensor for COVID-19 Diagnosis","phs002924","Adults","50","Artificial Intelligence and Machine Learning; Biosensor Technology; Virological Testing","Longitudinal Cohort","Breath Analysis Device / Airborne Detection Device","NHLBI","RADx-rad","No"
"C2SPARC: Implementing Mobile, POC COVID-19 Testing in Partnership with a Community-Based Organization to Reach Women Who Use Drugs","phs003123","Older Adults or Elderly; Lower Socioeconomic Status (SES) Population; Underserved/Vulnerable Population; Adults","500","Rapid Diagnostic Test (RDT); Point-of-Care (POC) Testing; Testing Rate/Uptake; Substance Use; Social Determinants of Health; Mobile Unit Testing","Longitudinal Cohort","Antigen Testing Device; Interview or Focus Group; Survey","NIDA","RADx-UP","Yes"
"CO-CREATE-Ex: Community-engaged Optimization of COVID-19 Rapid Evaluation And  TEsting Experiences","phs003686","Adults; Hispanic and Latino; Children; Older Adults or Elderly; Immigrants; Underserved/Vulnerable Population","7500","Testing Rate/Uptake; Self-Testing (At-Home or OTC); Diagnostic Testing; Community Outreach Programs","Longitudinal Cohort","Survey","NIMHD","RADx-UP","No"
"COVID Self-Testing Through Rapid Network Distribution (C-STRAND)","phs002760","Racial and Ethnic Minorities; Adults; People Living with HIV/AIDs; African American; Older Adults or Elderly; Immigrants; Homeless/Unhoused; Hispanic and Latino; Lower Socioeconomic Status (SES) Population; Asian","1000","Substance Use; Community Outreach Programs; Comorbidities; Testing Rate/Uptake; Self-Testing (At-Home or OTC)","Interventional/Clinical Trial","Interview or Focus Group; Survey; Antigen Testing Device","NHLBI","RADx-UP","Yes"
"COVID-19 Detection through Scent Analysis with a Compact Gas Chromatography Device","phs002747","N/A","760","Virological Testing; Medical Device/Tool Development; Novel Biosensing and VOC","Case-Control","Breath Analysis Device / Airborne Detection Device","NCATS","RADx-rad","Yes"
"COVID-19 Experience Study (C19EX) Survey","phs002537","Adults","36561","Biosensor Technology; Artificial Intelligence and Machine Learning; Digital Health Applications","Longitudinal Cohort","Survey","NCI","RADx DHT","No"
"COVID-19 Large Network Center","phs002643","Adults; Racial and Ethnic Minorities; Older Adults or Elderly; Underserved/Vulnerable Population","2000","Social Determinants of Health; Testing Rate/Uptake; Community Outreach Programs","Longitudinal Cohort","Contact Tracing; Survey","NCATS","RADx-UP","Yes"
"COVID-19 Network of Networks Expanding Clinical and Translational Approaches to Predict Severe Illness in Children (CONNECT to Predict SIck Children)","phs002569","Children; Underserved/Vulnerable Population","120","Artificial Intelligence and Machine Learning","Case-Control","Survey","NICHD","RADx-rad","Yes"
"COVID-19 Test At Home Efficacy Sub-Study","phs003026","Older Adults or Elderly; Adults","200","Self-Testing (At-Home or OTC); Medical Device/Tool Development","Longitudinal Cohort","Antigen Testing Device; Smartphone; Molecular (Nucleic Acid/PCR) Testing Device","NHLBI","RADx Tech","Yes"
"COVID-19 Test At Home Feasibility Sub-Study","phs002739","Adults; Older Adults or Elderly","206","Medical Device/Tool Development; Rapid Diagnostic Test (RDT); Virological Testing; Digital Health Applications; Self-Testing (At-Home or OTC)","Longitudinal Cohort","Antigen Testing Device; Smartphone","NHLBI","RADx Tech","Yes"
"COVID-19 Testing and Linkage to Care with African American Church and Health Agency Partners","phs002578","Racial and Ethnic Minorities; African American; Adults","960","Pandemic Perceptions and Decision-Making; Testing Rate/Uptake; Virological Testing; Community Outreach Programs; Health Behaviors","Interventional/Clinical Trial","Contact Tracing; Survey","NIDDK","RADx-UP","Yes"
"COVID-19 Testing and Prevention in Correctional Settings","phs003361","Adults; Underserved/Vulnerable Population; Incarcerated/Institutionalized (or Criminal Legal System Involvement)","16445","Testing Rate/Uptake; Virological Testing; Community Outreach Programs; Vaccination Rate/Uptake; Social Determinants of Health","Mixed Methods","Interview or Focus Group; Contact Tracing; Survey","NIDA","RADx-UP","Yes"
"COVID-19 Testing and Vaccination Social Network Diffusion for Diverse Criminal Legal Involved Communities","phs003234","Underserved/Vulnerable Population; Incarcerated/Institutionalized (or Criminal Legal System Involvement); Older Adults or Elderly; Adults","800","Vaccination Rate/Uptake; Pandemic Perceptions and Decision-Making; Health Behaviors; Testing Rate/Uptake; Virological Testing","Interventional/Clinical Trial","Survey","NIMHD","RADx-UP","Yes"
"COVID-19 Testing in Underserved and Vulnerable Populations Receiving Care in San Diego Community Health Centers","phs002869","Hispanic and Latino; Adults; Older Adults or Elderly; Older Adults or Elderly; Lower Socioeconomic Status (SES) Population; Underserved/Vulnerable Population; Children","6000","Diagnostic Testing; Testing Rate/Uptake; Influenza; Social Determinants of Health","Interventional/Clinical Trial","Survey","NCI","RADx-UP","Yes"
"COVID-19 Treatment Cascade Optimization Study","phs002634","Older Adults or Elderly; Adults; Underserved/Vulnerable Population","670","Virological Testing; Testing Rate/Uptake; Health Behaviors","Interventional/Clinical Trial","Interview or Focus Group; Survey","NIAID; NIMHD","RADx-UP","Yes"
"COVID-19: Implementing Community-Based Approaches to Increase SARS-CoV-2 Testing Among an Underserved and Vulnerable Hispanic Population","phs002874","Adults; Underserved/Vulnerable Population; Rural Communities; Racial and Ethnic Minorities; Hispanic and Latino; Older Adults or Elderly","2930","COVID Testing Deserts; Vaccination Rate/Uptake; Mobile Unit Testing; Social Determinants of Health; Testing Rate/Uptake","Cross-Sectional","Survey","NIMHD","RADx-UP","Yes"
"Characterization of Multisystem Inflammatory Syndrome in Children and Its Relationship to Kawasaki Disease","phs002553","Children","250","Multisystem Inflammatory Syndrome in Children (MIS-C); Medical Device/Tool Development; Multisystem Inflammatory Syndrome (MIS); Virological Testing","Device Validation Study","Biobank Samples","NICHD","RADx-rad","Yes"
"Collaborative Community Networks to Optimize Implementation of Low Barrier COVID-19 Testing Efforts Among Diverse Latinx Populations in Northern California","phs003375","Children; Hispanic and Latino; Underserved/Vulnerable Population; Racial and Ethnic Minorities; Adults; Older Adults or Elderly; Rural Communities","9650","Community Outreach Programs; Testing Rate/Uptake; Virological Testing","Cross-Sectional","Survey; Molecular (Nucleic Acid/PCR) Testing Device","NIAID","RADx-UP","Yes"
"Communities Fighting COVID!","phs002649","Adults; Hispanic and Latino; African American; Racial and Ethnic Minorities; Older Adults or Elderly; Children","15000","Testing Rate/Uptake; Mobile Unit Testing; Self-Testing (At-Home or OTC); Community Outreach Programs","Cross-Sectional","Contact Tracing; Survey; Antigen Testing Device","NCI","RADx-UP","Yes"
"Communities Fighting COVID!: Returning Our Kids Back to School Safely","phs002878","Racial and Ethnic Minorities; Hispanic and Latino; Lower Socioeconomic Status (SES) Population; Children; Underserved/Vulnerable Population; School Community Members; Adults; Older Adults or Elderly","9000","COVID in School Settings; Rapid Diagnostic Test (RDT); Self-Testing (At-Home or OTC); Screening Testing","Interventional/Clinical Trial","Antigen Testing Device; Survey","NICHD","RADx-UP","Yes"
"Community Activation to TrAnsform Local sYSTems (CATALYST)","phs003377","Older Adults or Elderly; Underserved/Vulnerable Population; Adults; Essential Workers","400","Community Outreach Programs","Cross-Sectional","Interview or Focus Group; Survey","NIMHD","RADx-UP","No"
"Community Collaboration to Combat Coronavirus (C-FORWARD)","phs003374","Children; Hispanic and Latino; Adults; African American; Racial and Ethnic Minorities; Older Adults or Elderly","2772","Mobile Unit Testing; Social Determinants of Health; Testing Rate/Uptake; Self-Testing (At-Home or OTC); Virological Testing; Community Outreach Programs","Longitudinal Cohort","Survey; Antigen Testing Device; Antibody Testing / Other Adaptive Immune Response Test; Molecular (Nucleic Acid/PCR) Testing Device","NIAID","RADx-UP","Yes"
"Community Driven Approach to Mitigate COVID-19 Disparities in Hawaii's Vulnerable Populations","phs002526","Native Hawaiian or other Pacific Islander; Underserved/Vulnerable Population; Children; Adults","7000","Social Determinants of Health; Rapid Diagnostic Test (RDT); Vaccination Rate/Uptake; Community Outreach Programs","Longitudinal Cohort","Survey","NIMHD","RADx-UP","Yes"
"Community Mistrust and Measures of Institutional Trustworthiness (COMMIT)","phs003081","Older Adults or Elderly; Adults; Underserved/Vulnerable Population","30","Pandemic Perceptions and Decision-Making; Social Determinants of Health; Community Outreach Programs; Health Behaviors","Longitudinal Cohort","Survey; Interview or Focus Group","NIMHD","RADx-UP","Yes"
"Community Network-Driven COVID-19 Testing of Vulnerable Populations in the Central US (C3)","phs002601","Older Adults or Elderly; Rural Communities; Hispanic and Latino; Underserved/Vulnerable Population; Incarcerated/Institutionalized (or Criminal Legal System Involvement); Adults","2400","Community Outreach Programs; Testing Rate/Uptake; Substance Use; Virological Testing; Health Behaviors","Longitudinal Cohort","Survey","NIDA","RADx-UP","Yes"
"Community-Based COVID-19 Testing Evaluation","phs002520","Underserved/Vulnerable Population; Adults; Hispanic and Latino","132","COVID Hotspots; Testing Rate/Uptake; Community Outreach Programs; Social Determinants of Health","Longitudinal Cohort","Interview or Focus Group; Survey","NIMHD","RADx-UP","Yes"
"Community-Driven Optimization of COVID-19 Testing to Reach and Engage Underserved Areas for Testing Equity (CO-CREATE)","phs002708","Lower Socioeconomic Status (SES) Population; African American; Older Adults or Elderly; Adults; Underserved/Vulnerable Population; Children; Pregnant (or Nursing) Women","10000","Social Determinants of Health; Community Outreach Programs; Medical Device/Tool Development; Rapid Diagnostic Test (RDT)","Longitudinal Cohort","Survey","NIEHS","RADx-UP","Yes"
"Community-Engaged Research on COVID-19 Testing Among Underserved and/or Vulnerable Populations","phs002651","African American; Hispanic and Latino; Adults; Older Adults or Elderly; Racial and Ethnic Minorities","3034","Social Determinants of Health; Pandemic Perceptions and Decision-Making; Testing Rate/Uptake; Mobile Unit Testing; Community Outreach Programs; Vaccination Rate/Uptake","Qualitative","Survey","NIMHD; NIDA","RADx-UP","Yes"
"Community-Engaged Research to Improve the COVID-19 Testing Cascade Among Underserved Populations in the US Caribbean Territories","phs002741","Children; Underserved/Vulnerable Population; Adults; Older Adults or Elderly","650","Virological Testing; Testing Rate/Uptake; Diagnostic Testing","Interventional/Clinical Trial","Contact Tracing; Survey","NIMHD","RADx-UP","Yes"
"Conducting Correctional COVID Research and Implementing Novel, Ethically Sound, Sustainable Surveillance Systems (CRAINES)","phs003126","Adults; Older Adults or Elderly; Underserved/Vulnerable Population; Incarcerated/Institutionalized (or Criminal Legal System Involvement)","40","Wastewater Surveillance","Longitudinal Cohort","Interview or Focus Group; Survey","NIDA","RADx-UP","No"
"Covidseeker and COVID-19 Citizen Science: Leveraging Citizen Science and Real-Time Geospatial Temporal Mobile Data for Digital Contact Tracing and SARS-CoV-2 Hotspotting","phs002519","Adults","40","Digital Health Applications; COVID Hotspots","Longitudinal Cohort","Smartphone; Contact Tracing","NCI","RADx DHT","No"
"Creating a Sustainable Infrastructure for SARS-CoV-2 Testing at Syringe Exchange Programs","phs002521","People Living with HIV/AIDs; Underserved/Vulnerable Population; Older Adults or Elderly; Children; Adults; School Community Members","4000","Social Determinants of Health; Substance Use; Community Outreach Programs; Vaccination Rate/Uptake; Testing Rate/Uptake","Longitudinal Cohort","Interview or Focus Group; Survey","NIDA","RADx-UP","Yes"
"DNA Star SARS-CoV-2 Rapid Test","phs002685","Adults","10","Novel Biosensing and VOC; Rapid Diagnostic Test (RDT); Medical Device/Tool Development","Longitudinal Cohort","Antigen Testing Device","NIDCR","RADx-rad","No"
"Detection and Automatic Privacy-Protected Contact Tracing System Designed for COVID-19","phs002573","N/A","95","Virological Testing; Medical Device/Tool Development","Case-Control","Molecular (Nucleic Acid/PCR) Testing Device; Smartphone","NIAAA","RADx-rad","Yes"
"Developing Novel Strategies to Increase COVID-19 Testing Among Underserved and Vulnerable Populations in West Virginia Through Community and State Partnerships","phs002662","Children; Adults; Underserved/Vulnerable Population; Racial and Ethnic Minorities; Older Adults or Elderly; African American; Rural Communities","300","Comorbidities; Self-Testing (At-Home or OTC); Mobile Unit Testing; Substance Use","Cross-Sectional","Molecular (Nucleic Acid/PCR) Testing Device; Survey; Interview or Focus Group; Antigen Testing Device","NIGMS","RADx-UP","Yes"
"Developing a Realtime Monitoring System and Program to Improve COVID-19 Testing for Latinx Populations","phs002775","Older Adults or Elderly; Adults; Hispanic and Latino","100000","Testing Rate/Uptake; COVID Hotspots; Community Outreach Programs; COVID Testing Deserts; Social Determinants of Health","Longitudinal Cohort","Interview or Focus Group; Survey","NIGMS","RADx-UP","Yes"
"Development of an Automated Diagnostic Platform for SARS-CoV-2 Monitoring in Vulnerable Areas","phs002546","N/A","100","Biosensor Technology; Medical Device/Tool Development","Device Validation Study","Antibody Testing / Other Adaptive Immune Response Test; Electrochemical Testing Device","NIAAA","RADx-rad","Yes"
"Diagnosis of MIS-C in Febrile Children","phs002603","Children","150","Novel Biosensing and VOC; Multisystem Inflammatory Syndrome in Children (MIS-C); Multisystem Inflammatory Syndrome (MIS)","Longitudinal Cohort","Breath Analysis Device / Airborne Detection Device","NICHD","RADx-rad","Yes"
"Digital Health Solutions for COVID-19: COVID Community Action and Research Engagement (COVID-CARE)","phs002533","Adults","0","Pandemic Perceptions and Decision-Making; Digital Health Applications; Influenza; Virological Testing; Artificial Intelligence and Machine Learning","Longitudinal Cohort","Contact Tracing; Smartphone","NCI","RADx DHT","No"
"Direct Bioelectronic Detection of SARS-CoV-2 From Saliva Using Single-Molecule Field-Effect Transistor Array","phs002550","N/A","10","Rapid Diagnostic Test (RDT); Medical Device/Tool Development; Point-of-Care (POC) Testing; Virological Testing","Device Verification Study","Antigen Testing Device","NIDCR","RADx-rad","Yes"
"Discovery and Clinical Validation of Host Biomarkers of Disease Severity and Multi-system Inflammatory Syndrome in Children (MIS-C) and COVID-19","phs002781","Adults; Children","800","Medical Device/Tool Development; Multisystem Inflammatory Syndrome in Children (MIS-C); Multisystem Inflammatory Syndrome (MIS); Diagnostic Testing","Longitudinal Cohort","Molecular (Nucleic Acid/PCR) Testing Device","NICHD","RADx-rad","Yes"
"Early Detection, Containment, and Management of COVID-19 in Dialysis Facilities Using Multi-Modal Data Sources","phs002657","African American; Dialysis Patients; Underserved/Vulnerable Population; Hispanic and Latino; Adults","120","Artificial Intelligence and Machine Learning; Multimodal Surveillance","Longitudinal Cohort","Real-World Data; Wearable","NIDDK","RADx-rad","Yes"
"Effective, Reagent-Free Detection of the Odor Signature of COVID-19 Infection Using a Nano-Enabled Sensor Array","phs002588","N/A","400","Novel Biosensing and VOC; Medical Device/Tool Development; Virological Testing; Rapid Diagnostic Test (RDT)","Longitudinal Cohort","Unspecified COVID Testing Device","NCATS","RADx-rad","Yes"
"Empowering Schools as Community Assets to Mitigate the Adverse Impacts of COVID-19","phs003376","Asian; Native Hawaiian or other Pacific Islander; School Community Members; Older Adults or Elderly; Children; Rural Communities; Adults","8050","Vaccination Rate/Uptake; Testing Rate/Uptake; COVID in School Settings; Community Outreach Programs; Virological Testing","Longitudinal Cohort","Survey; Interview or Focus Group; Antigen Testing Device","NICHD","RADx-UP","Yes"
"Engaging Church Health Ministries to Decrease SARS-CoV-2 Vaccine Hesitancy in Underserved Populations in Baton Rouge","phs003125","African American; Older Adults or Elderly; Racial and Ethnic Minorities; Adults; Underserved/Vulnerable Population; Lower Socioeconomic Status (SES) Population","98","Virological Testing; Community Outreach Programs; Vaccination Rate/Uptake; Social Determinants of Health; Testing Rate/Uptake; Pandemic Perceptions and Decision-Making","Longitudinal Cohort","Interview or Focus Group; Unspecified COVID Testing Device; Survey","NIGMS","RADx-UP","No"
"Enhancing SARS-Co-V-2 Rapid Testing Acceptance in Latinx Communities","phs003514","Underserved/Vulnerable Population; Older Adults or Elderly; Adults","400","Pandemic Perceptions and Decision-Making; Social Determinants of Health; Rapid Diagnostic Test (RDT); Vaccination Rate/Uptake; Testing Rate/Uptake","Interventional/Clinical Trial","Molecular (Nucleic Acid/PCR) Testing Device; Survey","NIMHD","RADx-UP","Yes"
"Epidemiologic Intelligence Network (EpI-Net) to Promote COVID-19 Testing and Prevention Practices Among Socially Vulnerable Communities in Puerto Rico","phs002745","Underserved/Vulnerable Population; Lower Socioeconomic Status (SES) Population; Hispanic and Latino; Adults; Older Adults or Elderly","1800","Testing Rate/Uptake; Disease Surveillance; Community Outreach Programs; Virological Testing","Longitudinal Cohort","Interview or Focus Group; Survey; Molecular (Nucleic Acid/PCR) Testing Device","NIMHD","RADx-UP","Yes"
"Ethno-epidemiology of Hepatitis C (HCV), HIV and Overdose associated with Drug Markets and Drug Tourism","phs002821","Hispanic and Latino; Older Adults or Elderly; Underserved/Vulnerable Population; People Living with HIV/AIDs; Adults","400","Substance Use; Health Behaviors","Longitudinal Cohort","Survey","NIDA","RADx-UP","Yes"
"Evidence-based Interventions - Individual, Community, and Structural Factors That Predict Lower Rates of COVID-19 Screening Testing in Underserved and Vulnerable Populations","phs003057","Lower Socioeconomic Status (SES) Population; Rural Communities; Underserved/Vulnerable Population; Adults; Older Adults or Elderly","200","Community Outreach Programs; Social Determinants of Health; Virological Testing; Testing Rate/Uptake; Comorbidities; Screening Testing","Interventional/Clinical Trial","Survey; Interview or Focus Group","NCI","RADx-UP","No"
"Exosome-Based Non-Traditional Technologies Towards Multi-Parametric and Integrated Approaches for SARS-CoV-2","phs003124","N/A","0","Rapid Diagnostic Test (RDT); Medical Device/Tool Development; Digital Health Applications; Self-Testing (At-Home or OTC)","Longitudinal Cohort","Biobank Samples","NCATS","RADx-rad","No"
"Exploring Barriers and Facilitators to Women Who Use Drugs (WWUD) Awareness, Acceptance and Uptake of COVID-19 Testing (The CARE Study)","phs002720","People Living with HIV/AIDs; Adults; Racial and Ethnic Minorities; African American; Older Adults or Elderly; Underserved/Vulnerable Population","250","Self-Testing (At-Home or OTC); Substance Use; Social Determinants of Health; Mental Health; Rapid Diagnostic Test (RDT); Testing Rate/Uptake","Longitudinal Cohort","Interview or Focus Group; Antigen Testing Device; Survey","NIDA","RADx-UP","Yes"
"Faithful Response II: COVID-19 Rapid Test-to-Treat with African American Churches","phs003595","African American; Underserved/Vulnerable Population; Adults; Racial and Ethnic Minorities","900","Testing Rate/Uptake; Rapid Diagnostic Test (RDT); Diagnostic Testing; Comorbidities; Community Outreach Programs; Self-Testing (At-Home or OTC)","Longitudinal Cohort","Survey","NIMHD","RADx-UP","No"
"Getting Asian Americans INFORMED To Facilitate COVID-19 Testing and Vaccination","phs002776","Asian; Adults; Older Adults or Elderly","240","Social Determinants of Health; Vaccination Rate/Uptake; Testing Rate/Uptake; Pandemic Perceptions and Decision-Making","Case-Control","Interview or Focus Group; Survey","NIDA","RADx-UP","Yes"
"ILI Labels and Longitudinal Novel Engagement with Symptom Surveillance (ILLNESS) Study","phs002538","Adults","45000","Digital Health Applications; Biosensor Technology; Artificial Intelligence and Machine Learning","Longitudinal Cohort","Wearable","NCI","RADx DHT","No"
"Identifying Biomarker Signatures of Prognostic Value for Multisystem Inflammatory Syndrome in Children (MIS-C)","phs002609","Children","660","Multisystem Inflammatory Syndrome in Children (MIS-C); Multisystem Inflammatory Syndrome (MIS)","Case-Control","Molecular (Nucleic Acid/PCR) Testing Device","NICHD","RADx-rad","Yes"
"Identifying COVID-19 Vaccine Deserts Using Machine Learning and Geospatial Analyses to Target Community-Engaged Testing for Vulnerable Rural Populations to Prevent Localized Outbreaks","phs003049","Older Adults or Elderly; Adults; Lower Socioeconomic Status (SES) Population; Children; Rural Communities; Underserved/Vulnerable Population","300","Community Outreach Programs; Testing Rate/Uptake; Comorbidities; COVID Testing Deserts; Virological Testing; Artificial Intelligence and Machine Learning; Vaccination Rate/Uptake; Social Determinants of Health","Longitudinal Cohort","Molecular (Nucleic Acid/PCR) Testing Device; Survey","NIMHD","RADx-UP","Yes"
"Identifying and Addressing Critical Social, Ethical, and Behavioral Factors Associated with COVID-19 Testing and Vaccination Among Spanish Speakers","phs002946","Adults; Essential Workers; Underserved/Vulnerable Population; Older Adults or Elderly; Hispanic and Latino; Racial and Ethnic Minorities","290","Social Determinants of Health; Diagnostic Testing; Testing Rate/Uptake; Vaccination Rate/Uptake; Community Outreach Programs","Interventional/Clinical Trial","Survey; Interview or Focus Group","NIMHD","RADx-UP","Yes"
"Impact of COVID-19 Testing and Mitigation on Equitable Return-to-School in the Second Largest U.S. School District","phs003515","Lower Socioeconomic Status (SES) Population; Adults; Children; School Community Members; Racial and Ethnic Minorities","30","COVID in School Settings; Disease Surveillance; Social Determinants of Health; Pandemic Perceptions and Decision-Making","Observational","Survey","NICHD","RADx-UP","Yes"
"Implementation Science Center in Cancer Control Equity: A Competitive Revision to Accelerate COVID Testing in Vulnerable Communities - Project 08","phs002872","Older Adults or Elderly; Adults; Underserved/Vulnerable Population; Lower Socioeconomic Status (SES) Population; Homeless/Unhoused; Essential Workers; Racial and Ethnic Minorities; Children","125000","Substance Use; Community Outreach Programs; COVID Hotspots; Diagnostic Testing; Testing Rate/Uptake","Longitudinal Cohort","Contact Tracing; Survey","NCI","RADx-UP","Yes"
"Improved Scalability, Sensitivity, and Interpretability of Pathogen Detection, Including SARS-CoV-2, in Wastewater using High-Throughput, Highly Multiplexed Digital Array PCR Technology","phs002729","N/A","20","Medical Device/Tool Development; Wastewater Surveillance; Virological Testing","Longitudinal Cohort","Wastewater Sampling","NIDA","RADx-rad","Yes"
"Improving Testing for COVID-19 in Skilled Nursing Facilities: IMPACT-C","phs003050","Older Adults or Elderly; Adults; Hispanic and Latino; African American; Essential Workers","4900","Vaccination Rate/Uptake; Virological Testing; Pandemic Perceptions and Decision-Making; Testing Rate/Uptake","Cross-Sectional","Survey","NIA","RADx-UP","Yes"
"Improving the Response of Local Urban and Rural Communities to Disparities in COVID-19 Testing","phs002619","Older Adults or Elderly; Adults; Underserved/Vulnerable Population; Rural Communities","3000","Self-Testing (At-Home or OTC); Community Outreach Programs; Mobile Unit Testing; Testing Rate/Uptake","Longitudinal Cohort","Antigen Testing Device; Survey; Interview or Focus Group","NCATS","RADx-UP","Yes"
"Increasing COVID-19 Vaccine Uptake Through a Patient Navigation Intervention Among Underserved Populations","phs003544","Adults; Underserved/Vulnerable Population","0","Community Outreach Programs; Health Behaviors; Self-Testing (At-Home or OTC); Vaccination Rate/Uptake; Mobile Unit Testing; Pandemic Perceptions and Decision-Making; Influenza","Observational","Survey","NCI","RADx-UP","No"
"Increasing Representation of Black Communities in COVID-19 Home Testing and Surveillance Data","phs003484","Older Adults or Elderly; Racial and Ethnic Minorities; African American; Adults","800","Testing Rate/Uptake; Pandemic Perceptions and Decision-Making; Social Determinants of Health; Rapid Diagnostic Test (RDT); Self-Testing (At-Home or OTC); Virological Testing","Longitudinal Cohort","Interview or Focus Group; Molecular (Nucleic Acid/PCR) Testing Device; Antigen Testing Device; Survey","NIMHD","RADx-UP","Yes"
"Increasing Representation of Black Communities in SARS-CoV-2 Serosurveys by Understanding Barriers and Motivations for Participation (Represent ATL)","phs002608","Adults; Older Adults or Elderly; African American; Children","2050","Social Determinants of Health; Serological (Antibody) Testing; Testing Rate/Uptake; Pandemic Perceptions and Decision-Making","Mixed Methods","Survey; Interview or Focus Group","NIDA","RADx-UP","Yes"
"Investigating the Effectiveness of COVID-19 Testing Choices, Community Engagement, and Culturally-Embedded mHealth Literacy Delivery in a Medically-Underserved, Community-Based Sample","phs002763","Underserved/Vulnerable Population; Older Adults or Elderly; Lower Socioeconomic Status (SES) Population; Children; Adults","7000","Digital Health Applications; Point-of-Care (POC) Testing; Self-Testing (At-Home or OTC); Rapid Diagnostic Test (RDT); Social Determinants of Health; Testing Rate/Uptake","Longitudinal Cohort","Survey; Molecular (Nucleic Acid/PCR) Testing Device; Antigen Testing Device; Interview or Focus Group","NIEHS","RADx-UP","Yes"
"Keeping Rural Minority 'Essential' Workplaces Open Safely During the COVID-19 Pandemic: The Role of Frequent Point-of-Care Molecular Workplace Surveillance for Miners (The Miners' Pandemic Project)","phs002648","Essential Workers; Older Adults or Elderly; Rural Communities; Adults; Racial and Ethnic Minorities","227","Rapid Diagnostic Test (RDT); Point-of-Care (POC) Testing","Longitudinal Cohort","Interview or Focus Group; Survey; Antigen Testing Device; Molecular (Nucleic Acid/PCR) Testing Device","NIGMS","RADx-UP","Yes"
"LITE CONNECT: Addressing Testing Gaps and Epidemiologic Disparities of COVID-19 Among Transgender People in the United States","phs002658","Sexual and Gender Minorities; People Living with HIV/AIDs; Adults; Older Adults or Elderly","2000","Self-Testing (At-Home or OTC); Community Outreach Programs","Longitudinal Cohort","Survey","NIAID","RADx-UP","Yes"
"Large Scale Flu Surveillance Study (LSFS)","phs002539","Adults","68804","Influenza; Digital Health Applications; Biosensor Technology","Longitudinal Cohort","Survey","NCI","RADx DHT","No"
"Leveraging Social Networks to Increase COVID-19 Testing Uptake: A Comparison of Credible Messenger and Chain Referral Recruitment Approaches","phs002799","Hispanic and Latino; Older Adults or Elderly; Incarcerated/Institutionalized (or Criminal Legal System Involvement); African American; Underserved/Vulnerable Population; Adults; Lower Socioeconomic Status (SES) Population; Homeless/Unhoused","500","Social Determinants of Health; Community Outreach Programs; Testing Rate/Uptake; Rapid Diagnostic Test (RDT); Comorbidities; Substance Use","Longitudinal Cohort","Survey; Molecular (Nucleic Acid/PCR) Testing Device; Antigen Testing Device; Interview or Focus Group","NIDA","RADx-UP","Yes"
"Localized Mobile Health Approach to Boosting COVID-19 Testing and Vaccine Literacy, Access, and Uptake Among Women with Criminal Legal System Involvement","phs003082","Underserved/Vulnerable Population; Lower Socioeconomic Status (SES) Population; Racial and Ethnic Minorities; Older Adults or Elderly; Adults; Incarcerated/Institutionalized (or Criminal Legal System Involvement)","508","Social Determinants of Health; Testing Rate/Uptake; Virological Testing; Vaccination Rate/Uptake; Digital Health Applications","Longitudinal Cohort","Interview or Focus Group; Survey","NIMHD","RADx-UP","Yes"
"Longitudinal at Home Smell Testing to Detect Infection by SARS-CoV-2","phs002964","Essential Workers; Adults; Older Adults or Elderly","6000","Digital Health Applications; Self-Testing (At-Home or OTC); Diagnostic Testing; Influenza","Longitudinal Cohort","Chemosensory Testing Device","NIDCD","RADx-rad","No"
"Lupus Education Alliance Program (LEAP)","phs002786","Underserved/Vulnerable Population; Adults; African American; Older Adults or Elderly","1235","Vaccination Rate/Uptake; Comorbidities","Case-Control","Survey","NIAMS","RADx-UP","Yes"
"MOF-SCENT: Metal-Organic Frameworks for Screening COVID-19 by Electronic-Nose Technology to Improve Selectivity and Time Response","phs002522","Adults","20","Virological Testing; Novel Biosensing and VOC; Point-of-Care (POC) Testing; Self-Testing (At-Home or OTC); Medical Device/Tool Development","Device Validation Study","Unspecified COVID Testing Device","NHLBI","RADx-rad","No"
"Marshallese: Alternate Surveillance for COVID-19 in a Unique Population","phs002551","Adults; Native Hawaiian or other Pacific Islander; Underserved/Vulnerable Population","600","Multimodal Surveillance; Virological Testing; Disease Surveillance","Longitudinal Cohort","Smartphone; Survey","NIMHD","RADx-rad","Yes"
"Maximizing Child Health and Learning Potential: Promoting A School Culture of Safety in the Era of COVID-19: Feasibility of Strategic COVID-19 Testing Protocols in At-Risk Urban Schools","phs003037","Adults; Children; Older Adults or Elderly; Lower Socioeconomic Status (SES) Population; Underserved/Vulnerable Population; African American; Hispanic and Latino; School Community Members","1004","COVID in School Settings; Virological Testing","Longitudinal Cohort","Survey","NICHD","RADx-UP","Yes"
"Microfluidic Isolation and Characterization of SARS-CoV-2 and Virus Related Exosomes","phs002778","N/A","200","Virological Testing; Medical Device/Tool Development","Case-Control","Molecular (Nucleic Acid/PCR) Testing Device","NCATS","RADx-rad","Yes"
"Minimal False-Alarm Touch-Based Detection of SARS-CoV-2 Virus Particles Using Poly-Aptamers","phs002543","Adults","2","Digital Health Applications; Biosensor Technology","Device Validation Study","Unspecified COVID Testing Device","NIAAA","RADx-rad","Yes"
"Mobile Health-Targeted SARS-CoV-2 Testing and Community Interventions to Maximize Migrant Children's School Attendance During the COVID-19 Pandemic","phs003128","Older Adults or Elderly; Immigrants; Adults; School Community Members; Underserved/Vulnerable Population; Children; Lower Socioeconomic Status (SES) Population; Racial and Ethnic Minorities","800","Social Determinants of Health; Self-Testing (At-Home or OTC); Rapid Diagnostic Test (RDT); Community Outreach Programs; Digital Health Applications","Longitudinal Cohort","Antigen Testing Device; Interview or Focus Group; Survey","NICHD","RADx-UP","Yes"
"Motivational Enhancement to Augment Contingency Management for SARS-CoV-2 Testing and Vaccination Utilization Among Syringe Exchange Clients","phs002948","Homeless/Unhoused; Older Adults or Elderly; Lower Socioeconomic Status (SES) Population; Adults; Underserved/Vulnerable Population","7000","Testing Rate/Uptake; Community Outreach Programs; Vaccination Rate/Uptake; Social Determinants of Health; Diagnostic Testing; Substance Use","Case-Control","Interview or Focus Group; Survey","NIDA","RADx-UP","Yes"
"Multi-Modal Wireless COVID Monitoring and Infection Alerts for Concentrated Populations","phs002523","Lower Socioeconomic Status (SES) Population; Underserved/Vulnerable Population; Incarcerated/Institutionalized (or Criminal Legal System Involvement); Older Adults or Elderly; School Community Members; Dialysis Patients; Intellectual and Developmental Disabilities","3700","Multimodal Surveillance; Biosensor Technology; Digital Health Applications; Disease Surveillance","Longitudinal Cohort","Wearable","NINR","RADx-rad","Yes"
"Multiparametric Integrated Molecular Detection of SARS-CoV-2 from Biofluids by Adapting Single Extracellular Vesicle Characterization Technologies","phs002709","Adults; Older Adults or Elderly","100","Medical Device/Tool Development","Device Validation Study","Molecular (Nucleic Acid/PCR) Testing Device","NCATS","RADx-rad","Yes"
"NIEHS Diagnostic-Prognostic RNAseq","phs002782","Adults","200","Next Generation Sequencing (NGS); Virological Testing; Medical Device/Tool Development","Longitudinal Cohort","Biobank Samples","NIEHS","RADx-rad","No"
"NIH Digital Health Solutions for COVID-19: Clear2Go - A Digital Identity Wallet for Health Status","phs002628","N/A","1000","Digital Health Applications","Interventional/Clinical Trial","Smartphone","NCI","RADx DHT","No"
"NIH Digital Health Solutions for COVID-19: IBM COVID-19 Contact Tracing and Data Exchange Tools","phs002516","Adults","300","Digital Health Applications","Longitudinal Cohort","Smartphone; Contact Tracing; Survey","NCI","RADx DHT","No"
"NIH Digital Health Solutions for COVID-19: SAFER-COVID - Integration of Testing and Digital Health","phs002540","Adults","500000","Self-Testing (At-Home or OTC); Digital Health Applications","Longitudinal Cohort","Wearable; Survey","NIBIB","RADx DHT","No"
"NIH Digital Health Solutions for COVID-19: Team SAE","phs002534","Underserved/Vulnerable Population","300","Biosensor Technology; Virological Testing; Serological (Antibody) Testing; Digital Health Applications","Longitudinal Cohort","Smartphone","NCI","RADx DHT","No"
"NJ HEROES TOO: New Jersey Healthcare Essential Worker Outreach and Education Study Testing Overlooked Occupations","phs002567","Adults; Racial and Ethnic Minorities; African American; Hispanic and Latino; Lower Socioeconomic Status (SES) Population; Essential Workers; Children","2000","Self-Testing (At-Home or OTC); Community Outreach Programs; Social Determinants of Health; Pandemic Perceptions and Decision-Making; Testing Rate/Uptake","Longitudinal Cohort","Molecular (Nucleic Acid/PCR) Testing Device; Antigen Testing Device; Survey","NCATS","RADx-UP","Yes"
"Nanobody-Based Electrochemical Biosensor for Real-Time Detection of Aerosolized SARS-CoV2","phs002700","N/A","24","Medical Device/Tool Development; Biosensor Technology; Novel Biosensing and VOC","Device Verification Study","Breath Analysis Device / Airborne Detection Device","NIAAA","RADx-rad","Yes"
"Obesity Health Disparities Research Center (OHDRC) COVID-19 Testing Model Among Vulnerable Populations From Community Engagement to Follow-Up","phs002868","African American; Hispanic and Latino; Underserved/Vulnerable Population; Adults; Older Adults or Elderly","1400","Social Determinants of Health; Community Outreach Programs; Comorbidities; Mobile Unit Testing; Testing Rate/Uptake; Point-of-Care (POC) Testing","Longitudinal Cohort","Survey","NIMHD","RADx-UP","Yes"
"Organizations to Reduce, Advance, and Lead for Equity (ORALE) Against COVID-19","phs002791","Adults; Older Adults or Elderly; Hispanic and Latino; Lower Socioeconomic Status (SES) Population; Children; Essential Workers","22000","Testing Rate/Uptake; Comorbidities; Mobile Unit Testing; Community Outreach Programs","Longitudinal Cohort","Survey","NIEHS","RADx-UP","Yes"
"Personalized Analytics and Wearable Biosensor Platform for Early Detection of COVID-19 Decompensation (DECODE)","phs002535","Older Adults or Elderly; Adults","1600","Digital Health Applications; Biosensor Technology; Artificial Intelligence and Machine Learning","Longitudinal Cohort","Smartphone; Wearable","NCI","RADx DHT","No"
"Portable GC Detector for COVID Diagnostics","phs002600","Adults; Older Adults or Elderly","700","Novel Biosensing and VOC; Virological Testing","Device Validation Study","Breath Analysis Device / Airborne Detection Device","NCATS","RADx-rad","Yes"
"Project IMPROVE: Implementing Community-Engaged Intervention Research to Increase Rapid SARS-CoV-2 Self-Testing Among Diverse Underserved and Vulnerable Asian Americans","phs003507","Children; Underserved/Vulnerable Population; Lower Socioeconomic Status (SES) Population; Racial and Ethnic Minorities; Asian; Essential Workers; Adults; Older Adults or Elderly","1200","Social Determinants of Health; Rapid Diagnostic Test (RDT); Vaccination Rate/Uptake; Community Outreach Programs; Self-Testing (At-Home or OTC); Testing Rate/Uptake","Longitudinal Cohort","Antigen Testing Device; Survey","NIMHD","RADx-UP","Yes"
"Puipuia le Ola: Increasing Reach and Uptake of COVID-19 Testing Among Pacific Islanders in Hawaii and Guam","phs002742","Native Hawaiian or other Pacific Islander; Adults","4800","Community Outreach Programs; Rapid Diagnostic Test (RDT); Testing Rate/Uptake; Virological Testing","Interventional/Clinical Trial","Antigen Testing Device; Survey","NIGMS","RADx-UP","Yes"
"RADx Tech COVID-19 Viral Dynamics/COVID Detect","phs003360","Older Adults or Elderly; Adults","300","Rapid Diagnostic Test (RDT)","Longitudinal Cohort","Smartphone; Antigen Testing Device; Survey; Molecular (Nucleic Acid/PCR) Testing Device","NIBIB","RADx Tech","Yes"
"RADx-UP Supplement-Vaccine Hesitancy and Uptake","phs003032","Adults; Rural Communities; Underserved/Vulnerable Population; African American; Hispanic and Latino; Racial and Ethnic Minorities","105","Virological Testing; Community Outreach Programs; Vaccination Rate/Uptake; Testing Rate/Uptake; Pandemic Perceptions and Decision-Making","Longitudinal Cohort","Survey; Interview or Focus Group","NIDDK","RADx-UP","Yes"
"REACH-OUT: Research, Engagement and Action on COVID-19 Health Outcomes via Testing","phs003030","Adults; African American; Hispanic and Latino; Racial and Ethnic Minorities; Rural Communities; Underserved/Vulnerable Population; Immigrants; Older Adults or Elderly","1200","Virological Testing; Social Determinants of Health; Community Outreach Programs; Testing Rate/Uptake","Longitudinal Cohort","Interview or Focus Group; Survey","NIMHD","RADx-UP","Yes"
"Randomized COVID-19 Testing in Vulnerable Communities and Risk Tool Creation (FightCOVIDMKE)","phs002644","Racial and Ethnic Minorities; Lower Socioeconomic Status (SES) Population; Older Adults or Elderly","6000","Seroprevalence; Serological (Antibody) Testing; Community Outreach Programs","Interventional/Clinical Trial","Survey","NCATS","RADx-UP","Yes"
"Rapid Acceleration of Acceptable COVID Testing and Care Options for NYC Public Housing Residents (RADx NYCHA)","phs002618","Hispanic and Latino; Lower Socioeconomic Status (SES) Population; Adults; African American","800","Testing Rate/Uptake; Self-Testing (At-Home or OTC); Community Outreach Programs; Virological Testing; Vaccination Rate/Uptake; Mobile Unit Testing","Interventional/Clinical Trial","Survey","NCI","RADx-UP","Yes"
"Rapid Manufacturing Scale-up for Compact Point-of-Care EUA SARS-CoV-2 RT-PCR Test","phs002736","N/A","341","Medical Device/Tool Development; Point-of-Care (POC) Testing","Device Validation Study","Survey; Smartphone; Molecular (Nucleic Acid/PCR) Testing Device","NHLBI","RADx Tech","Yes"
"Rapid Olfactory Tools for Telemedicine-Friendly COVID-19 Screening and Survey","phs002631","Older Adults or Elderly; Underserved/Vulnerable Population; Adults; Racial and Ethnic Minorities","2000","Medical Device/Tool Development; Screening Testing; Rapid Diagnostic Test (RDT)","Cross-Sectional","Chemosensory Testing Device","NIDCD","RADx-rad","Yes"
"Rapid Optimization of COVID-19 Testing for People Affected by Diabetes","phs003373","Hispanic and Latino; Lower Socioeconomic Status (SES) Population; Rural Communities; Older Adults or Elderly; Adults; Underserved/Vulnerable Population; Children; African American","10000","Comorbidities; Community Outreach Programs; Rapid Diagnostic Test (RDT); Testing Rate/Uptake; Vaccination Rate/Uptake; Serological (Antibody) Testing","Longitudinal Cohort","Interview or Focus Group; Survey","NIDDK","RADx-UP","Yes"
"ReOpening Schools Safely and Educating Youth (ROSSEY)","phs003127","School Community Members; Older Adults or Elderly; Adults; Lower Socioeconomic Status (SES) Population; Hispanic and Latino; Rural Communities; Children","900","COVID in School Settings; Vaccination Rate/Uptake; Testing Rate/Uptake; Mental Health; Virological Testing","Longitudinal Cohort","Survey","NICHD","RADx-UP","Yes"
"ReSET: Restarting Safe Education and Testing for Children with Medical Complexity","phs002904","School Community Members; Underserved/Vulnerable Population; Intellectual and Developmental Disabilities; Children; Adults","3000","Pandemic Perceptions and Decision-Making; Rapid Diagnostic Test (RDT); Self-Testing (At-Home or OTC); Diagnostic Testing; COVID in School Settings","Longitudinal Cohort","Survey; Antigen Testing Device; Molecular (Nucleic Acid/PCR) Testing Device","NICHD","RADx-UP","Yes"
"Reaching Communities through the Design of Information Visualizations (ReDIVis) Toolbox for Return of COVID-19 Results (RCR)","phs002568","Adults; Underserved/Vulnerable Population; Hispanic and Latino","1000","Virological Testing; Health Behaviors; Serological (Antibody) Testing","Mixed Methods","Survey; Molecular (Nucleic Acid/PCR) Testing Device; Interview or Focus Group","NINR","RADx-UP","Yes"
"Reducing Ethical and Social Prejudicial Effects of COVID-19 Testing in Underserved Populations (RESPECT-UP)","phs002917","Rural Communities; Older Adults or Elderly; Adults; Racial and Ethnic Minorities; Underserved/Vulnerable Population; African American","300","Testing Rate/Uptake; Social Determinants of Health; Community Outreach Programs; Point-of-Care (POC) Testing","Longitudinal Cohort","Survey","NIMHD","RADx-UP","Yes"
"Rolosense: An Innovative Platform for Automatic Mobile Phone Readout of Active SARS-CoV-2","phs002744","N/A","0","Virological Testing; Digital Health Applications","Device Validation Study","Smartphone","NIAAA","RADx-rad","Yes"
"SARS-CoV-2 Screening and Diagnostic Testing for Return to K-12 Schools","phs002870","African American; Older Adults or Elderly; Children; School Community Members; Hispanic and Latino; Adults","1000","Disease Surveillance; Testing Rate/Uptake; COVID in School Settings; Rapid Diagnostic Test (RDT)","Longitudinal Cohort","Survey","NICHD","RADx-UP","Yes"
"SARS-CoV-2 Screening in Dialysis Facilities: Building an Optimal Strategy to Protect a High Risk Population","phs003083","Adults; Older Adults or Elderly; Underserved/Vulnerable Population; Lower Socioeconomic Status (SES) Population; Racial and Ethnic Minorities; Dialysis Patients","2480","Social Determinants of Health; Testing Rate/Uptake; Screening Testing","Longitudinal Cohort","Survey; Molecular (Nucleic Acid/PCR) Testing Device","NIAID","RADx-UP","Yes"
"SCALE UP COUNTS: A Health Information Technology Approach to Increasing COVID-19 Testing in Elementary and Middle Schools and Serving Disadvantaged Communities","phs002825","Hispanic and Latino; Older Adults or Elderly; Racial and Ethnic Minorities; Adults; Children; Lower Socioeconomic Status (SES) Population; School Community Members; Underserved/Vulnerable Population","5600","COVID Hotspots; Self-Testing (At-Home or OTC); Social Determinants of Health; COVID in School Settings; Diagnostic Testing","Interventional/Clinical Trial","Survey; Antigen Testing Device","NICHD","RADx-UP","Yes"
"SCALE UP Utah II: Community-Academic Partnership to Address COVID-19 Testing and Vaccination Among Utah Community Health Centers","phs003368","Racial and Ethnic Minorities; Lower Socioeconomic Status (SES) Population; Rural Communities; Underserved/Vulnerable Population; Children; Adults; Older Adults or Elderly","40000","Community Outreach Programs; Testing Rate/Uptake; Virological Testing; Vaccination Rate/Uptake","Observational","Survey","NIMHD","RADx-UP","Yes"
"SCALE UP Utah: A Community-Academic Partnership to Address COVID-19 Among Utah Community Health Centers","phs002575","Racial and Ethnic Minorities; Adults; African American; Native Hawaiian or other Pacific Islander; Hispanic and Latino; Rural Communities; Lower Socioeconomic Status (SES) Population","83000","Screening Testing; Social Determinants of Health; Community Outreach Programs; Testing Rate/Uptake","Interventional/Clinical Trial","Survey","NCATS","RADx-UP","Yes"
"SCENTinel: A Rapid Smell Test for COVID-19 Surveillance","phs002699","N/A","16360","Medical Device/Tool Development","Case-Control","Chemosensory Testing Device","NIDCD","RADx-rad","Yes"
"SF-RAD: Development and Proof-of-Concept Implementation of the South Florida Miami RADx-rad SARS-CoV-2 Wastewater-Based Surveillance Infrastructure","phs002525","Adults","30000","Wastewater Surveillance; Community Outreach Programs","Longitudinal Cohort","Wastewater Sampling","NIDA","RADx-rad","Yes"
"Safer at School Early Alert Project HUB","phs003031","Children; Hispanic and Latino; School Community Members; Children; Adults","1800","Wastewater Surveillance; Virological Testing; COVID in School Settings; Testing Rate/Uptake","Longitudinal Cohort","Interview or Focus Group; Survey","NICHD","RADx-UP","Yes"
"Safety, Testing/Transmission, and Outcomes in Pregnancies with COVID-19 (STOP COVID-19)","phs002905","Adults; Pregnant (or Nursing) Women","420","Testing Rate/Uptake; Mental Health; Serological (Antibody) Testing; Pandemic Perceptions and Decision-Making; Health Behaviors","Longitudinal Cohort","Survey; Interview or Focus Group","NICHD","RADx-UP","Yes"
"Scaling Up SARS-CoV-2 Testing to Serve Latinx Communities","phs002584","Children; Racial and Ethnic Minorities; Underserved/Vulnerable Population; Adults; Older Adults or Elderly; Hispanic and Latino","11200","Virological Testing; Health Behaviors; Community Outreach Programs; Testing Rate/Uptake","Longitudinal Cohort","Survey; Interview or Focus Group","NIDA","RADx-UP","Yes"
"Self-Testing for Our Protection from COVID-19 (STOP COVID-19) Study","phs003238","Adults; Older Adults or Elderly","3864","Rapid Diagnostic Test (RDT); Self-Testing (At-Home or OTC); Biosensor Technology; Health Behaviors","Longitudinal Cohort","Survey; Molecular (Nucleic Acid/PCR) Testing Device; Antigen Testing Device; Wearable","NIBIB","RADx Tech","Yes"
"Severity Predictors Using Immunology and Transcriptomics in Saliva Using Multi Neural Network Intelligence in SARS-CoV2 Infection in Children (SPITS MISC)","phs002549","Children","400","Rapid Diagnostic Test (RDT); Medical Device/Tool Development; Multisystem Inflammatory Syndrome (MIS); Multisystem Inflammatory Syndrome in Children (MIS-C); Artificial Intelligence and Machine Learning; Social Determinants of Health","Longitudinal Cohort","Molecular (Nucleic Acid/PCR) Testing Device","NICHD","RADx-rad","Yes"
"Sin Duda: A Community-Driven Approach to Expand Reach, Access and Uptake of COVID-19 Home-Based Tests for At-Risk Latinos","phs003364","Adults; Hispanic and Latino; Racial and Ethnic Minorities; Lower Socioeconomic Status (SES) Population; Underserved/Vulnerable Population; Older Adults or Elderly","1500","Vaccination Rate/Uptake; Self-Testing (At-Home or OTC); Virological Testing; Community Outreach Programs; Testing Rate/Uptake","Longitudinal Cohort","Survey; Antigen Testing Device","NIMHD","RADx-UP","Yes"
"Social and Behavioral Implications for COVID-19 Testing in Delaware's Underserved Communities","phs003033","Underserved/Vulnerable Population; African American; Older Adults or Elderly; Lower Socioeconomic Status (SES) Population; Adults; Hispanic and Latino; Racial and Ethnic Minorities","1200","Vaccination Rate/Uptake; Serological (Antibody) Testing; Testing Rate/Uptake; Social Determinants of Health; Seroprevalence; Pandemic Perceptions and Decision-Making; Virological Testing; Community Outreach Programs","Longitudinal Cohort","Survey","NIGMS","RADx-UP","Yes"
"Social, Behavioral, and Ethical Implications of COVID-19","phs003365","Adults; Underserved/Vulnerable Population; Lower Socioeconomic Status (SES) Population; African American; Racial and Ethnic Minorities; Older Adults or Elderly","500","Pandemic Perceptions and Decision-Making; Community Outreach Programs","Case-Control","Survey","NIMHD","RADx-UP","Yes"
"Social, Ethical, and Behavioral Factors in the Return to School Among Underserved Communities in Maryland","phs003056","Adults; School Community Members; Children; Older Adults or Elderly","2400","Pandemic Perceptions and Decision-Making; COVID in School Settings; Social Determinants of Health","Longitudinal Cohort","Survey","NICHD","RADx-UP","Yes"
"Social, Ethical, and Behavioral Implications Research on COVID-19: Testing and Vaccine Uptake Among Rural Latino Migrants in Southwest Florida","phs002777","Hispanic and Latino; Rural Communities; Older Adults or Elderly; Adults","500","Vaccination Rate/Uptake; Social Determinants of Health; Testing Rate/Uptake","Cross-Sectional","Survey; Interview or Focus Group","NCCIH","RADx-UP","Yes"
"Southeast Asians in the US: Health Equity and Research to Understand COVID-19 Stories (SEA US, HEAR US)","phs003029","Racial and Ethnic Minorities; Asian; Adults; Older Adults or Elderly","1090","Virological Testing; Social Determinants of Health; Mental Health; Testing Rate/Uptake; Pandemic Perceptions and Decision-Making; Vaccination Rate/Uptake","Longitudinal Cohort","Interview or Focus Group; Survey","NIMHD","RADx-UP","No"
"Support for Safe Return to In-Person School: COVID-19 Testing, Learning, and Consultation","phs002740","Adults; Older Adults or Elderly; Children; Underserved/Vulnerable Population; School Community Members; Lower Socioeconomic Status (SES) Population","750","Testing Rate/Uptake; COVID in School Settings; Virological Testing","Longitudinal Cohort","Survey; Interview or Focus Group","NICHD","RADx-UP","Yes"
"Supported Employment to Create a Community Culture of Rapid Testing Among People Who Inject Drugs: PeerConnect2Test","phs003362","Adults; Older Adults or Elderly; Lower Socioeconomic Status (SES) Population; People Living with HIV/AIDs; Underserved/Vulnerable Population","390","Health Behaviors; Testing Rate/Uptake; Rapid Diagnostic Test (RDT); Substance Use; Social Determinants of Health; Pandemic Perceptions and Decision-Making","Cross-Sectional","Antigen Testing Device; Survey; Molecular (Nucleic Acid/PCR) Testing Device","NIDA","RADx-UP","Yes"
"Supporting COVID-19 Prevention and Testing for Marginalized and Minoritized Youth and Young Adults","phs002647","Racial and Ethnic Minorities; Sexual and Gender Minorities; Children; Adults","1250","Community Outreach Programs; Health Behaviors; Testing Rate/Uptake","Mixed Methods","Survey","NIAAA","RADx-UP","Yes"
"Supporting the Health and Well-Being of Children with Intellectual and Developmental Disability During COVID-19 Pandemic","phs003359","African American; Children; Racial and Ethnic Minorities; School Community Members; Underserved/Vulnerable Population; Asian; Hispanic and Latino; Adults; Intellectual and Developmental Disabilities; Older Adults or Elderly","6200","Rapid Diagnostic Test (RDT); Medical Device/Tool Development; Social Determinants of Health; COVID in School Settings","Longitudinal Cohort","Survey","NICHD","RADx-UP","Yes"
"Supporting the Health and Well-Being of Children with Intellectual and Developmental Disability During the COVID-19 Pandemic","phs002947","Adults; Older Adults or Elderly; Children; Intellectual and Developmental Disabilities; African American; Underserved/Vulnerable Population; School Community Members","350","Diagnostic Testing; COVID in School Settings; Pandemic Perceptions and Decision-Making; Testing Rate/Uptake; Rapid Diagnostic Test (RDT); Medical Device/Tool Development","Interventional/Clinical Trial","Interview or Focus Group; Molecular (Nucleic Acid/PCR) Testing Device; Survey","NICHD","RADx-UP","Yes"
"Test US Bank Study","phs003027","Older Adults or Elderly; Children; Adults","1721","Virological Testing","Open Cohort","Survey; Smartphone","NHLBI","RADx Tech","Yes"
"Test Us At Home","phs003237","Children; Older Adults or Elderly; Adults","7361","Rapid Diagnostic Test (RDT); Self-Testing (At-Home or OTC)","Longitudinal Cohort","Molecular (Nucleic Acid/PCR) Testing Device; Antigen Testing Device; Survey","NIBIB","RADx Tech","Yes"
"Test Us At Home Daily","phs003239","Children; Adults; Older Adults or Elderly","619","Rapid Diagnostic Test (RDT)","Longitudinal Cohort","Survey; Molecular (Nucleic Acid/PCR) Testing Device; Antigen Testing Device","NIBIB","RADx Tech","Yes"
"Testing for COVID-19 in High Risk Children with Intellectual and Developmental Disabilities (COV-IDD)","phs002800","Lower Socioeconomic Status (SES) Population; Older Adults or Elderly; Adults; Intellectual and Developmental Disabilities; Racial and Ethnic Minorities; Underserved/Vulnerable Population; School Community Members; Children","450","Testing Rate/Uptake; Serological (Antibody) Testing; Pandemic Perceptions and Decision-Making; Diagnostic Testing; Vaccination Rate/Uptake; COVID in School Settings; Mobile Unit Testing; Virological Testing","Longitudinal Cohort","Molecular (Nucleic Acid/PCR) Testing Device; Interview or Focus Group; Antibody Testing / Other Adaptive Immune Response Test; Survey","NICHD","RADx-UP","Yes"
"The Puerto Rico Community Action Research and Engagement (PR-CARE) to Eliminate Disparities of COVID-19 among Rural Underserved and Vulnerable Populations","phs003504","Older Adults or Elderly; Homeless/Unhoused; Lower Socioeconomic Status (SES) Population; Sexual and Gender Minorities; Rural Communities","900","Vaccination Rate/Uptake; Testing Rate/Uptake; Virological Testing; Community Outreach Programs; Social Determinants of Health","Longitudinal Cohort","Survey; Interview or Focus Group","NIMHD","RADx-UP","Yes"
"Touchscreen-Compatible, Real-Time Electrochemical Sensing of SARS-CoV-2","phs002565","N/A","0","Virological Testing; Medical Device/Tool Development","Device Validation Study","Molecular (Nucleic Acid/PCR) Testing Device","NIAAA","RADx-rad","Yes"
"Tracking the COVID-19 Epidemic in Sewage (TRACES)","phs002604","N/A","100","Variants; Wastewater Surveillance","Longitudinal Cohort","Wastewater Sampling; Unspecified COVID Testing Device","NIDA","RADx-rad","Yes"
"Transforming Community Engagement to Increase SARS-CoV-2 Testing in Underserved Populations in Baton Rouge (TEST UP-BR)","phs002633","Adults; Lower Socioeconomic Status (SES) Population; Older Adults or Elderly; African American","2000","Community Outreach Programs; Testing Rate/Uptake; COVID in School Settings","Longitudinal Cohort","Interview or Focus Group; Molecular (Nucleic Acid/PCR) Testing Device; Survey","NIGMS","RADx-UP","Yes"
"Ultra-Sensitive Immunoassay Test for Quantitation of SARS-CoV-2 Antigen","phs002738","Older Adults or Elderly; Adults; Children","187","Medical Device/Tool Development; Diagnostic Testing; Virological Testing","Device Verification Study","Smartphone; Antigen Testing Device; Survey","NHLBI","RADx Tech","Yes"
"Understanding Factors Influencing COVID-19 Testing and Vaccination in Immigrant Low-Income and Homeless Populations and Testing Targeted Interventions","phs002707","Lower Socioeconomic Status (SES) Population; Immigrants; Adults; Older Adults or Elderly; Homeless/Unhoused","2025","Pandemic Perceptions and Decision-Making; Vaccination Rate/Uptake; Community Outreach Programs; Rapid Diagnostic Test (RDT); Testing Rate/Uptake","Cross-Sectional","Survey","NIGMS","RADx-UP","Yes"
"Understanding the COVID-19, Racism, and Violence Syndemic and Its Effects on COVID-19 Testing Disparities","phs002582","Underserved/Vulnerable Population; Older Adults or Elderly; Lower Socioeconomic Status (SES) Population; Adults; African American; Racial and Ethnic Minorities","500","Social Determinants of Health; Pandemic Perceptions and Decision-Making; Testing Rate/Uptake","Mixed Methods","Interview or Focus Group; Survey","NIMH","RADx-UP","Yes"
"Use of Behavioral Economics in Repeat SARS-CoV-2 Antibody Testing in Disadvantaged Communities","phs002704","Adults; Children; Older Adults or Elderly; Underserved/Vulnerable Population","2000","Social Determinants of Health","Longitudinal Cohort","Antibody Testing / Other Adaptive Immune Response Test; Survey","NIA","RADx-UP","Yes"
"Using Health Communication to Increase COVID-19 Testing and Vaccination in Underserved Populations","phs002713","Older Adults or Elderly; Lower Socioeconomic Status (SES) Population; Adults; Racial and Ethnic Minorities; Underserved/Vulnerable Population","150","Pandemic Perceptions and Decision-Making; Substance Use; Social Determinants of Health; Testing Rate/Uptake; Health Behaviors","Longitudinal Cohort","Survey; Interview or Focus Group","NCI","RADx-UP","Yes"
"Using the Multiphase Optimization Strategy (MOST) to Optimize an Intervention to Increase COVID-19 Testing for Black and Latino/Hispanic Frontline Essential Workers","phs003051","Underserved/Vulnerable Population; Adults; Older Adults or Elderly; Lower Socioeconomic Status (SES) Population; African American; Hispanic and Latino; Essential Workers","448","Health Behaviors; Virological Testing; Testing Rate/Uptake; Pandemic Perceptions and Decision-Making; Social Determinants of Health; Community Outreach Programs","Interventional/Clinical Trial","Survey","NIMHD","RADx-UP","Yes"
"Validation of Smart Masks for Surveillance of COVID-19","phs002524","Adults; Underserved/Vulnerable Population","800","Virological Testing; Medical Device/Tool Development; Disease Surveillance","Longitudinal Cohort","Wearable","NIDCR","RADx-rad","Yes"
"Virus Counter: Rapid and Sensitive Diagnostics Based on Digital Detection of Individual Pathogens","phs002602","Adults","50","Point-of-Care (POC) Testing; Medical Device/Tool Development; Virological Testing","Device Verification Study","Unspecified COVID Testing Device","NHLBI","RADx-rad","No"
"Wastewater Assessment for Coronavirus in Kentucky: Implementing Enhanced Surveillance Technology","phs002542","N/A","24","Next Generation Sequencing (NGS); Wastewater Surveillance","Device Validation Study","Molecular (Nucleic Acid/PCR) Testing Device; Wastewater Sampling; Interview or Focus Group","NIDA","RADx-rad","Yes"
"Wastewater Detection of COVID-19","phs002679","N/A","108","Wastewater Surveillance; Variants","Longitudinal Cohort","Wastewater Sampling","NIDA","RADx-rad","Yes"
"You & Me: Test and Treat","phs003366","Older Adults or Elderly; Underserved/Vulnerable Population; Children; Adults","20000","Self-Testing (At-Home or OTC); Rapid Diagnostic Test (RDT); Testing Rate/Uptake; Community Outreach Programs","Longitudinal Cohort","Survey; Antigen Testing Device","NIMHD","RADx-UP","No"
"RALE COVID-19! Vaccination: An Initiative to Increase COVID-19 Vaccination in Yolo, Madera, Fresno, Stanislaus Counties in California","phs003371","Adults; Hispanic and Latino; Lower Socioeconomic Status (SES) Population; Racial and Ethnic Minorities; Older Adults or Elderly","300","Community Outreach Programs; Pandemic Perceptions and Decision-Making; Testing Rate/Uptake; Virological Testing; Vaccination Rate/Uptake; Social Determinants of Health","Interventional/Clinical Trial","Survey","NIEHS","RADx-UP","Yes"
